{
  "lang":"ru",
  "name":"pipeline",
  "version":"0.0.0",
  "spacy_version":">=3.7.2,<3.8.0",
  "description":"",
  "author":"",
  "email":"",
  "url":"",
  "license":"",
  "spacy_git_version":"a89eae928",
  "vectors":{
    "width":0,
    "vectors":0,
    "keys":0,
    "name":null,
    "mode":"default"
  },
  "labels":{
    "tok2vec":[

    ],
    "ner":[
      "CAUSE",
      "COURT",
      "INN",
      "JUDGE",
      "OGRN",
      "PARTY",
      "RESULT",
      "SUM",
      "THIRD-PARTY"
    ]
  },
  "pipeline":[
    "tok2vec",
    "ner"
  ],
  "components":[
    "tok2vec",
    "ner"
  ],
  "disabled":[

  ],
  "performance":{
    "ents_f":0.9821902236,
    "ents_p":0.9855513308,
    "ents_r":0.9788519637,
    "ents_per_type":{
      "COURT":{
        "p":0.9812206573,
        "r":0.95,
        "f":0.9653579677
      },
      "JUDGE":{
        "p":0.9795918367,
        "r":0.9896907216,
        "f":0.9846153846
      },
      "PARTY":{
        "p":0.984984985,
        "r":0.9909365559,
        "f":0.9879518072
      },
      "INN":{
        "p":0.9947368421,
        "r":0.9947368421,
        "f":0.9947368421
      },
      "OGRN":{
        "p":0.9702380952,
        "r":1.0,
        "f":0.9848942598
      },
      "CAUSE":{
        "p":1.0,
        "r":0.900990099,
        "f":0.9479166667
      },
      "SUM":{
        "p":1.0,
        "r":1.0,
        "f":1.0
      },
      "THIRD-PARTY":{
        "p":1.0,
        "r":1.0,
        "f":1.0
      },
      "RESULT":{
        "p":0.9534883721,
        "r":0.9534883721,
        "f":0.9534883721
      }
    },
    "tok2vec_loss":427.9069711194,
    "ner_loss":196.0666533701
  }
}