{
  "lang":"ru",
  "name":"pipeline",
  "version":"0.0.0",
  "spacy_version":">=3.7.2,<3.8.0",
  "description":"",
  "author":"",
  "email":"",
  "url":"",
  "license":"",
  "spacy_git_version":"a89eae928",
  "vectors":{
    "width":0,
    "vectors":0,
    "keys":0,
    "name":null,
    "mode":"default"
  },
  "labels":{
    "tok2vec":[

    ],
    "ner":[
      "BANKRUPT",
      "CAUSE",
      "COURT",
      "COURT-SIDE",
      "JUDGE",
      "PARTY",
      "PARTY MENTION",
      "REQUISITES",
      "THIRD-PARTY"
    ]
  },
  "pipeline":[
    "tok2vec",
    "ner"
  ],
  "components":[
    "tok2vec",
    "ner"
  ],
  "disabled":[

  ],
  "performance":{
    "ents_f":0.7042766151,
    "ents_p":0.7603143418,
    "ents_r":0.6559322034,
    "ents_per_type":{
      "COURT":{
        "p":0.9238095238,
        "r":0.9065420561,
        "f":0.9150943396
      },
      "JUDGE":{
        "p":0.7608695652,
        "r":0.7291666667,
        "f":0.7446808511
      },
      "PARTY":{
        "p":0.7798742138,
        "r":0.6850828729,
        "f":0.7294117647
      },
      "REQUISITES":{
        "p":0.5,
        "r":0.3873873874,
        "f":0.4365482234
      },
      "CAUSE":{
        "p":0.7118644068,
        "r":0.65625,
        "f":0.6829268293
      },
      "COURT-SIDE":{
        "p":0.9069767442,
        "r":0.65,
        "f":0.7572815534
      },
      "THIRD-PARTY":{
        "p":0.6363636364,
        "r":0.3684210526,
        "f":0.4666666667
      }
    },
    "tok2vec_loss":2038.6087575218,
    "ner_loss":430.73451234
  }
}