{
  "lang":"ru",
  "name":"pipeline",
  "version":"0.0.0",
  "spacy_version":">=3.7.2,<3.8.0",
  "description":"",
  "author":"",
  "email":"",
  "url":"",
  "license":"",
  "spacy_git_version":"a89eae928",
  "vectors":{
    "width":0,
    "vectors":0,
    "keys":0,
    "name":null,
    "mode":"default"
  },
  "labels":{
    "tok2vec":[

    ],
    "ner":[
      "BANKRUPT",
      "CAUSE",
      "COURT",
      "COURT-SIDE",
      "JUDGE",
      "PARTY",
      "PARTY MENTION",
      "REQUISITES",
      "THIRD-PARTY"
    ]
  },
  "pipeline":[
    "tok2vec",
    "ner"
  ],
  "components":[
    "tok2vec",
    "ner"
  ],
  "disabled":[

  ],
  "performance":{
    "ents_f":0.7215551744,
    "ents_p":0.7494061758,
    "ents_r":0.6957001103,
    "ents_per_type":{
      "COURT":{
        "p":0.7552447552,
        "r":0.6967741935,
        "f":0.7248322148
      },
      "PARTY":{
        "p":0.8321917808,
        "r":0.8293515358,
        "f":0.8307692308
      },
      "THIRD-PARTY":{
        "p":0.5263157895,
        "r":0.25,
        "f":0.3389830508
      },
      "REQUISITES":{
        "p":0.8613138686,
        "r":0.7763157895,
        "f":0.8166089965
      },
      "JUDGE":{
        "p":0.661971831,
        "r":0.6025641026,
        "f":0.6308724832
      },
      "COURT-SIDE":{
        "p":0.7073170732,
        "r":0.7733333333,
        "f":0.7388535032
      },
      "CAUSE":{
        "p":0.4795918367,
        "r":0.4122807018,
        "f":0.4433962264
      }
    },
    "tok2vec_loss":1173.5821927343,
    "ner_loss":939.0113632709
  }
}