{
  "lang":"ru",
  "name":"pipeline",
  "version":"0.0.0",
  "spacy_version":">=3.7.2,<3.8.0",
  "description":"",
  "author":"",
  "email":"",
  "url":"",
  "license":"",
  "spacy_git_version":"a89eae928",
  "vectors":{
    "width":0,
    "vectors":0,
    "keys":0,
    "name":null,
    "mode":"default"
  },
  "labels":{
    "tok2vec":[

    ],
    "ner":[
      "BANKRUPT",
      "CAUSE",
      "COURT",
      "COURT-SIDE",
      "JUDGE",
      "PARTY",
      "PARTY MENTION",
      "REQUISITES",
      "THIRD-PARTY"
    ]
  },
  "pipeline":[
    "tok2vec",
    "ner"
  ],
  "components":[
    "tok2vec",
    "ner"
  ],
  "disabled":[

  ],
  "performance":{
    "ents_f":0.7458223395,
    "ents_p":0.7751371115,
    "ents_r":0.7186440678,
    "ents_per_type":{
      "COURT":{
        "p":0.9279279279,
        "r":0.9626168224,
        "f":0.9449541284
      },
      "JUDGE":{
        "p":0.8076923077,
        "r":0.4375,
        "f":0.5675675676
      },
      "PARTY":{
        "p":0.7865168539,
        "r":0.773480663,
        "f":0.7799442897
      },
      "REQUISITES":{
        "p":0.6785714286,
        "r":0.6846846847,
        "f":0.6816143498
      },
      "CAUSE":{
        "p":0.5820895522,
        "r":0.609375,
        "f":0.5954198473
      },
      "COURT-SIDE":{
        "p":0.8636363636,
        "r":0.6333333333,
        "f":0.7307692308
      },
      "THIRD-PARTY":{
        "p":0.7777777778,
        "r":0.3684210526,
        "f":0.5
      }
    },
    "tok2vec_loss":4826.8947917102,
    "ner_loss":868.241294321
  }
}