{
  "lang":"ru",
  "name":"pipeline",
  "version":"0.0.0",
  "spacy_version":">=3.7.2,<3.8.0",
  "description":"",
  "author":"",
  "email":"",
  "url":"",
  "license":"",
  "spacy_git_version":"a89eae928",
  "vectors":{
    "width":0,
    "vectors":0,
    "keys":0,
    "name":null,
    "mode":"default"
  },
  "labels":{
    "tok2vec":[

    ],
    "ner":[
      "BANKRUPT",
      "CAUSE",
      "COURT",
      "COURT-SIDE",
      "JUDGE",
      "PARTY",
      "PARTY MENTION",
      "REQUISITES",
      "THIRD-PARTY"
    ]
  },
  "pipeline":[
    "tok2vec",
    "ner"
  ],
  "components":[
    "tok2vec",
    "ner"
  ],
  "disabled":[

  ],
  "performance":{
    "ents_f":0.7023529412,
    "ents_p":0.7528373266,
    "ents_r":0.658213892,
    "ents_per_type":{
      "COURT":{
        "p":0.7446808511,
        "r":0.6774193548,
        "f":0.7094594595
      },
      "PARTY":{
        "p":0.8140350877,
        "r":0.7918088737,
        "f":0.8027681661
      },
      "REQUISITES":{
        "p":0.8222222222,
        "r":0.7302631579,
        "f":0.7735191638
      },
      "JUDGE":{
        "p":0.7457627119,
        "r":0.5641025641,
        "f":0.6423357664
      },
      "COURT-SIDE":{
        "p":0.75,
        "r":0.68,
        "f":0.7132867133
      },
      "CAUSE":{
        "p":0.4725274725,
        "r":0.3771929825,
        "f":0.4195121951
      },
      "THIRD-PARTY":{
        "p":0.7857142857,
        "r":0.275,
        "f":0.4074074074
      }
    },
    "tok2vec_loss":1142.8798176764,
    "ner_loss":561.4236349252
  }
}