{
  "lang":"ru",
  "name":"pipeline",
  "version":"0.0.0",
  "spacy_version":">=3.7.2,<3.8.0",
  "description":"",
  "author":"",
  "email":"",
  "url":"",
  "license":"",
  "spacy_git_version":"a89eae928",
  "vectors":{
    "width":0,
    "vectors":0,
    "keys":0,
    "name":null,
    "mode":"default"
  },
  "labels":{
    "tok2vec":[

    ],
    "ner":[
      "CAUSE",
      "COURT",
      "INN",
      "JUDGE",
      "OGRN",
      "PARTY",
      "RESULT",
      "SUM",
      "THIRD-PARTY"
    ]
  },
  "pipeline":[
    "tok2vec",
    "ner"
  ],
  "components":[
    "tok2vec",
    "ner"
  ],
  "disabled":[

  ],
  "performance":{
    "ents_f":0.9837306092,
    "ents_p":0.9855951478,
    "ents_r":0.9818731118,
    "ents_per_type":{
      "COURT":{
        "p":0.9775784753,
        "r":0.9909090909,
        "f":0.9841986456
      },
      "JUDGE":{
        "p":0.9795918367,
        "r":0.9896907216,
        "f":0.9846153846
      },
      "PARTY":{
        "p":0.9908256881,
        "r":0.9788519637,
        "f":0.9848024316
      },
      "INN":{
        "p":0.9895833333,
        "r":1.0,
        "f":0.9947643979
      },
      "OGRN":{
        "p":0.9818181818,
        "r":0.9938650307,
        "f":0.987804878
      },
      "CAUSE":{
        "p":1.0,
        "r":0.9306930693,
        "f":0.9641025641
      },
      "SUM":{
        "p":1.0,
        "r":1.0,
        "f":1.0
      },
      "THIRD-PARTY":{
        "p":1.0,
        "r":1.0,
        "f":1.0
      },
      "RESULT":{
        "p":0.9024390244,
        "r":0.8604651163,
        "f":0.880952381
      }
    },
    "tok2vec_loss":798.8029080269,
    "ner_loss":290.8656751196
  }
}